-- ========================================
-- 簡化的測試數據初始化
-- ========================================

-- 插入庫存數據 (10個產品)
INSERT INTO inventories (id, product_id, product_name, total_quantity, available_quantity, reserved_quantity, threshold, status, created_at, updated_at) VALUES
('11111111-1111-1111-1111-111111111001', 'PROD-001', 'iPhone 15 Pro Max 256GB', 50, 45, 5, 10, 'ACTIVE', '2024-01-01 10:00:00', '2024-08-13 16:00:00'),
('11111111-1111-1111-1111-111111111002', 'PROD-002', 'Samsung Galaxy S24 Ultra', 40, 35, 5, 8, 'ACTIVE', '2024-01-01 10:00:00', '2024-08-13 16:00:00'),
('11111111-1111-1111-1111-111111111003', 'PROD-003', 'MacBook Pro 14 M3', 30, 25, 5, 5, 'ACTIVE', '2024-01-01 10:00:00', '2024-08-13 16:00:00'),
('11111111-1111-1111-1111-111111111004', 'PROD-004', 'iPad Air 11 M2', 60, 55, 5, 15, 'ACTIVE', '2024-01-01 10:00:00', '2024-08-13 16:00:00'),
('11111111-1111-1111-1111-111111111005', 'PROD-005', 'AirPods Pro 第三代', 100, 90, 10, 20, 'ACTIVE', '2024-01-01 10:00:00', '2024-08-13 16:00:00'),
('11111111-1111-1111-1111-111111111006', 'PROD-006', 'Sony WH-1000XM5 耳機', 80, 70, 10, 15, 'ACTIVE', '2024-01-01 10:00:00', '2024-08-13 16:00:00'),
('11111111-1111-1111-1111-111111111007', 'PROD-007', 'Nintendo Switch OLED', 70, 60, 10, 12, 'ACTIVE', '2024-01-01 10:00:00', '2024-08-13 16:00:00'),
('11111111-1111-1111-1111-111111111008', 'PROD-008', 'PlayStation 5', 25, 20, 5, 5, 'ACTIVE', '2024-01-01 10:00:00', '2024-08-13 16:00:00'),
('11111111-1111-1111-1111-111111111009', 'PROD-009', 'Xbox Series X', 30, 25, 5, 5, 'ACTIVE', '2024-01-01 10:00:00', '2024-08-13 16:00:00'),
('11111111-1111-1111-1111-111111111010', 'PROD-010', 'Apple Watch Series 9', 90, 80, 10, 18, 'ACTIVE', '2024-01-01 10:00:00', '2024-08-13 16:00:00');

-- 插入訂單數據 (10筆訂單)
INSERT INTO orders (id, customer_id, shipping_address, status, total_amount, currency, effective_amount, created_at, updated_at) VALUES
('ORD-2024-01-001', 'CUST-001', '台北市信義區信義路五段7號', 'COMPLETED', 35900.00, 'TWD', 35900.00, '2024-01-02 09:15:30', '2024-01-05 14:20:00'),
('ORD-2024-01-002', 'CUST-002', '新北市板橋區中山路一段161號', 'COMPLETED', 8990.00, 'TWD', 8990.00, '2024-01-02 10:30:45', '2024-01-04 16:45:00'),
('ORD-2024-01-003', 'CUST-003', '桃園市中壢區中正路123號', 'COMPLETED', 2580.00, 'TWD', 2580.00, '2024-01-02 14:22:15', '2024-01-03 11:30:00'),
('ORD-2024-01-004', 'CUST-004', '台中市西屯區台灣大道三段99號', 'COMPLETED', 15600.00, 'TWD', 15600.00, '2024-01-03 08:45:20', '2024-01-06 13:15:00'),
('ORD-2024-01-005', 'CUST-005', '高雄市前金區中正四路211號', 'COMPLETED', 4290.00, 'TWD', 4290.00, '2024-01-03 11:20:10', '2024-01-05 09:30:00'),
('ORD-2024-01-006', 'CUST-006', '台南市中西區民權路二段158號', 'COMPLETED', 7890.00, 'TWD', 7890.00, '2024-01-03 15:35:25', '2024-01-06 10:45:00'),
('ORD-2024-01-007', 'CUST-007', '新竹市東區光復路二段101號', 'COMPLETED', 12450.00, 'TWD', 12450.00, '2024-01-04 09:10:40', '2024-01-07 14:20:00'),
('ORD-2024-01-008', 'CUST-008', '基隆市仁愛區愛一路25號', 'COMPLETED', 3680.00, 'TWD', 3680.00, '2024-01-04 13:25:55', '2024-01-06 16:30:00'),
('ORD-2024-01-009', 'CUST-009', '宜蘭縣宜蘭市中山路三段145號', 'COMPLETED', 9870.00, 'TWD', 9870.00, '2024-01-04 16:40:30', '2024-01-08 11:15:00'),
('ORD-2024-01-010', 'CUST-010', '花蓮縣花蓮市中華路123號', 'COMPLETED', 5420.00, 'TWD', 5420.00, '2024-01-05 10:15:20', '2024-01-08 15:45:00');

-- 插入訂單項目數據
INSERT INTO order_items (order_id, product_id, product_name, quantity, price, currency) VALUES
('ORD-2024-01-001', 'PROD-001', 'iPhone 15 Pro Max 256GB', 1, 35900.00, 'TWD'),
('ORD-2024-01-002', 'PROD-005', 'AirPods Pro 第三代', 1, 8990.00, 'TWD'),
('ORD-2024-01-003', 'PROD-006', 'Sony WH-1000XM5 耳機', 1, 2580.00, 'TWD'),
('ORD-2024-01-004', 'PROD-007', 'Nintendo Switch OLED', 1, 9800.00, 'TWD'),
('ORD-2024-01-004', 'PROD-008', 'PlayStation 5', 1, 5800.00, 'TWD'),
('ORD-2024-01-005', 'PROD-009', 'Xbox Series X', 1, 4290.00, 'TWD'),
('ORD-2024-01-006', 'PROD-010', 'Apple Watch Series 9', 1, 7890.00, 'TWD'),
('ORD-2024-01-007', 'PROD-003', 'MacBook Pro 14 M3', 1, 12450.00, 'TWD'),
('ORD-2024-01-008', 'PROD-004', 'iPad Air 11 M2', 1, 3680.00, 'TWD'),
('ORD-2024-01-009', 'PROD-002', 'Samsung Galaxy S24 Ultra', 1, 9870.00, 'TWD'),
('ORD-2024-01-010', 'PROD-001', 'iPhone 15 Pro Max 256GB', 1, 5420.00, 'TWD');

-- 插入支付數據
INSERT INTO payments (id, order_id, amount, currency, status, payment_method, transaction_id, failure_reason, created_at, updated_at, can_retry) VALUES
('PAY-2024-01-001', 'ORD-2024-01-001', 35900.00, 'TWD', 'COMPLETED', 'CREDIT_CARD', 'TXN-CC-20240102-001', NULL, '2024-01-02 09:20:30', '2024-01-02 09:21:45', FALSE),
('PAY-2024-01-002', 'ORD-2024-01-002', 8990.00, 'TWD', 'COMPLETED', 'DIGITAL_WALLET', 'TXN-DW-20240102-002', NULL, '2024-01-02 10:35:45', '2024-01-02 10:36:20', FALSE),
('PAY-2024-01-003', 'ORD-2024-01-003', 2580.00, 'TWD', 'COMPLETED', 'BANK_TRANSFER', 'TXN-BT-20240102-003', NULL, '2024-01-02 14:25:15', '2024-01-02 14:27:30', FALSE),
('PAY-2024-01-004', 'ORD-2024-01-004', 15600.00, 'TWD', 'COMPLETED', 'CREDIT_CARD', 'TXN-CC-20240103-004', NULL, '2024-01-03 08:50:20', '2024-01-03 08:51:35', FALSE),
('PAY-2024-01-005', 'ORD-2024-01-005', 4290.00, 'TWD', 'COMPLETED', 'DIGITAL_WALLET', 'TXN-DW-20240103-005', NULL, '2024-01-03 11:25:10', '2024-01-03 11:25:45', FALSE),
('PAY-2024-01-006', 'ORD-2024-01-006', 7890.00, 'TWD', 'COMPLETED', 'CREDIT_CARD', 'TXN-CC-20240103-006', NULL, '2024-01-03 15:40:25', '2024-01-03 15:41:10', FALSE),
('PAY-2024-01-007', 'ORD-2024-01-007', 12450.00, 'TWD', 'COMPLETED', 'BANK_TRANSFER', 'TXN-BT-20240104-007', NULL, '2024-01-04 09:15:40', '2024-01-04 09:18:20', FALSE),
('PAY-2024-01-008', 'ORD-2024-01-008', 3680.00, 'TWD', 'COMPLETED', 'CASH_ON_DELIVERY', NULL, NULL, '2024-01-04 13:30:55', '2024-01-06 16:30:00', FALSE),
('PAY-2024-01-009', 'ORD-2024-01-009', 9870.00, 'TWD', 'COMPLETED', 'CREDIT_CARD', 'TXN-CC-20240104-009', NULL, '2024-01-04 16:45:30', '2024-01-04 16:46:15', FALSE),
('PAY-2024-01-010', 'ORD-2024-01-010', 5420.00, 'TWD', 'COMPLETED', 'DIGITAL_WALLET', 'TXN-DW-20240105-010', NULL, '2024-01-05 10:20:20', '2024-01-05 10:20:55', FALSE);
